Title, Price, rate
"A Light in the ...", "Â£51.77", "Three"
"Tipping the Velvet", "Â£53.74", "One"
"Soumission", "Â£50.10", "One"
"Sharp Objects", "Â£47.82", "Four"
"Sapiens: A Brief History ...", "Â£54.23", "Five"
"The Requiem Red", "Â£22.65", "One"
"The Dirty Little Secrets ...", "Â£33.34", "Four"
"The Coming Woman: A ...", "Â£17.93", "Three"
"The Boys in the ...", "Â£22.60", "Four"
"The Black Maria", "Â£52.15", "One"
"Starving Hearts (Triangular Trade ...", "Â£13.99", "Two"
"Shakespeare's Sonnets", "Â£20.66", "Four"
"Set Me Free", "Â£17.46", "Five"
"Scott Pilgrim's Precious Little ...", "Â£52.29", "Five"
"Rip it Up and ...", "Â£35.02", "Five"
"Our Band Could Be ...", "Â£57.25", "Three"
"Olio", "Â£23.88", "One"
"Mesaerion: The Best Science ...", "Â£37.59", "One"
"Libertarianism for Beginners", "Â£51.33", "Two"
"It's Only the Himalayas", "Â£45.17", "Two"
"In Her Wake", "Â£12.84", "One"
"How Music Works", "Â£37.32", "Two"
"Foolproof Preserving: A Guide ...", "Â£30.52", "Three"
"Chase Me (Paris Nights ...", "Â£25.27", "Five"
"Black Dust", "Â£34.53", "Five"
"Birdsong: A Story in ...", "Â£54.64", "Three"
"America's Cradle of Quarterbacks: ...", "Â£22.50", "Three"
"Aladdin and His Wonderful ...", "Â£53.13", "Three"
"Worlds Elsewhere: Journeys Around ...", "Â£40.30", "Five"
"Wall and Piece", "Â£44.18", "Four"
"The Four Agreements: A ...", "Â£17.66", "Five"
"The Five Love Languages: ...", "Â£31.05", "Three"
"The Elephant Tree", "Â£23.82", "Five"
"The Bear and the ...", "Â£36.89", "One"
"Sophie's World", "Â£15.94", "Five"
"Penny Maybe", "Â£33.29", "Three"
"Maude (1883-1993):She Grew Up ...", "Â£18.02", "Two"
"In a Dark, Dark ...", "Â£19.63", "One"
"Behind Closed Doors", "Â£52.22", "Four"
"You can't bury them ...", "Â£33.63", "Two"
"Slow States of Collapse: ...", "Â£57.31", "Three"
"Reasons to Stay Alive", "Â£26.41", "Two"
"Private Paris (Private #10)", "Â£47.61", "Five"
"#HigherSelfie: Wake Up Your ...", "Â£23.11", "Five"
"Without Borders (Wanderlove #1)", "Â£45.07", "Two"
"When We Collided", "Â£31.77", "One"
"We Love You, Charlie ...", "Â£50.27", "Five"
"Untitled Collection: Sabbath Poems ...", "Â£14.27", "Four"
"Unseen City: The Majesty ...", "Â£44.18", "Four"
"Unicorn Tracks", "Â£18.78", "Three"
"Unbound: How Eight Technologies ...", "Â£25.52", "One"
"Tsubasa: WoRLD CHRoNiCLE 2 ...", "Â£16.28", "One"
"Throwing Rocks at the ...", "Â£31.12", "Three"
"This One Summer", "Â£19.49", "Four"
"Thirst", "Â£17.27", "Five"
"The Torch Is Passed: ...", "Â£19.09", "One"
"The Secret of Dreadwillow ...", "Â£56.13", "One"
"The Pioneer Woman Cooks: ...", "Â£56.41", "One"
"The Past Never Ends", "Â£56.50", "Four"
"The Natural History of ...", "Â£45.22", "Three"
"The Nameless City (The ...", "Â£38.16", "Four"
"The Murder That Never ...", "Â£54.11", "Three"
"The Most Perfect Thing: ...", "Â£42.96", "Four"
"The Mindfulness and Acceptance ...", "Â£23.89", "Four"
"The Life-Changing Magic of ...", "Â£16.77", "Three"
"The Inefficiency Assassin: Time ...", "Â£20.59", "Five"
"The Gutsy Girl: Escapades ...", "Â£37.13", "One"
"The Electric Pencil: Drawings ...", "Â£56.06", "One"
"The Death of Humanity: ...", "Â£58.11", "Four"
"The Bulletproof Diet: Lose ...", "Â£49.05", "Three"
"The Art Forger", "Â£40.76", "Three"
"The Age of Genius: ...", "Â£19.73", "One"
"The Activist's Tao Te ...", "Â£32.24", "Five"
"Spark Joy: An Illustrated ...", "Â£41.83", "Four"
"Soul Reader", "Â£39.58", "Two"
"Security", "Â£39.25", "Two"
"Saga, Volume 6 (Saga ...", "Â£25.02", "Three"
"Saga, Volume 5 (Saga ...", "Â£51.04", "Two"
"Reskilling America: Learning to ...", "Â£19.83", "Two"
"Rat Queens, Vol. 3: ...", "Â£50.40", "Three"
"Princess Jellyfish 2-in-1 Omnibus, ...", "Â£13.61", "Five"
"Princess Between Worlds (Wide-Awake ...", "Â£13.34", "Five"
"Pop Gun War, Volume ...", "Â£18.97", "One"
"Political Suicide: Missteps, Peccadilloes, ...", "Â£36.28", "Two"
"Patience", "Â£10.16", "Three"
"Outcast, Vol. 1: A ...", "Â£15.44", "Four"
"orange: The Complete Collection ...", "Â£48.41", "One"
"Online Marketing for Busy ...", "Â£46.35", "One"
"On a Midnight Clear", "Â£14.07", "Three"
"Obsidian (Lux #1)", "Â£14.86", "Two"
"My Paris Kitchen: Recipes ...", "Â£33.37", "Two"
"Masks and Shadows", "Â£56.40", "Two"
"Mama Tried: Traditional Italian ...", "Â£14.02", "Four"
"Lumberjanes, Vol. 2: Friendship ...", "Â£46.91", "Two"
"Lumberjanes, Vol. 1: Beware ...", "Â£45.61", "Three"
"Lumberjanes Vol. 3: A ...", "Â£19.92", "Two"
"Layered: Baking, Building, and ...", "Â£40.11", "One"
"Judo: Seven Steps to ...", "Â£53.90", "Two"
"Join", "Â£35.67", "Five"
"In the Country We ...", "Â£22.00", "Four"
"Immunity: How Elie Metchnikoff ...", "Â£57.36", "Five"
"I Hate Fairyland, Vol. ...", "Â£29.17", "Two"
"I am a Hero ...", "Â£54.63", "Three"
"How to Be Miserable: ...", "Â£46.03", "One"
"Her Backup Boyfriend (The ...", "Â£33.97", "One"
"Giant Days, Vol. 2 ...", "Â£22.11", "Two"
"Forever and Forever: The ...", "Â£29.69", "Three"
"First and First (Five ...", "Â£15.97", "Four"
"Fifty Shades Darker (Fifty ...", "Â£21.96", "One"
"Everydata: The Misinformation Hidden ...", "Â£54.35", "Two"
"Don't Be a Jerk: ...", "Â£37.97", "Two"
"Danganronpa Volume 1", "Â£51.99", "Four"
"Crown of Midnight (Throne ...", "Â£43.29", "Three"
"Codename Baboushka, Volume 1: ...", "Â£36.72", "Four"
"Camp Midnight", "Â£17.08", "Four"
"Call the Nurse: True ...", "Â£29.14", "Five"
"Burning", "Â£28.81", "Three"
"Bossypants", "Â£49.46", "Two"
"Bitch Planet, Vol. 1: ...", "Â£37.92", "Two"
"Avatar: The Last Airbender: ...", "Â£28.09", "Two"
"Algorithms to Live By: ...", "Â£30.81", "One"
"A World of Flavor: ...", "Â£42.95", "One"
"A Piece of Sky, ...", "Â£56.76", "Five"
"A Murder in Time", "Â£16.64", "One"
"A Flight of Arrows ...", "Â£55.53", "Five"
"A Fierce and Subtle ...", "Â£28.13", "Four"
"A Court of Thorns ...", "Â£52.37", "One"
"(Un)Qualified: How God Uses ...", "Â£54.00", "Five"
"You Are What You ...", "Â£21.87", "Four"
"William Shakespeare's Star Wars: ...", "Â£43.30", "Four"
"Tuesday Nights in 1980", "Â£21.04", "Two"
"Tracing Numbers on a ...", "Â£41.60", "Three"
"Throne of Glass (Throne ...", "Â£35.07", "Three"
"Thomas Jefferson and the ...", "Â£59.64", "One"
"Thirteen Reasons Why", "Â£52.72", "One"
"The White Cat and ...", "Â£58.08", "Four"
"The Wedding Dress", "Â£24.12", "One"
"The Vacationers", "Â£42.15", "Four"
"The Third Wave: An ...", "Â£12.61", "Five"
"The Stranger", "Â£17.44", "Four"
"The Shadow Hero (The ...", "Â£33.14", "One"
"The Secret (The Secret ...", "Â£27.37", "Four"
"The Regional Office Is ...", "Â£51.36", "Five"
"The Psychopath Test: A ...", "Â£36.00", "Two"
"The Project", "Â£10.65", "One"
"The Power of Now: ...", "Â£43.54", "Two"
"The Omnivore's Dilemma: A ...", "Â£38.21", "Two"
"The Nerdy Nummies Cookbook: ...", "Â£37.34", "Five"
"The Murder of Roger ...", "Â£44.10", "Four"
"The Mistake (Off-Campus #2)", "Â£43.29", "Three"
"The Matchmaker's Playbook (Wingmen ...", "Â£55.85", "One"
"The Love and Lemons ...", "Â£37.60", "Two"
"The Long Shadow of ...", "Â£10.97", "One"
"The Kite Runner", "Â£41.82", "Four"
"The House by the ...", "Â£36.95", "One"
"The Glittering Court (The ...", "Â£44.28", "One"
"The Girl on the ...", "Â£55.02", "Two"
"The Genius of Birds", "Â£17.24", "One"
"The Emerald Mystery", "Â£23.15", "Two"
"The Cookies & Cups ...", "Â£41.25", "One"
"The Bridge to Consciousness: ...", "Â£32.00", "Three"
"The Artist's Way: A ...", "Â£38.49", "Five"
"The Art of War", "Â£33.34", "Five"
"The Argonauts", "Â£10.93", "Two"
"The 10% Entrepreneur: Live ...", "Â£27.55", "Three"
"Suddenly in Love (Lake ...", "Â£55.99", "Two"
"Something More Than This", "Â£16.24", "Four"
"Soft Apocalypse", "Â£26.12", "Two"
"So You've Been Publicly ...", "Â£12.23", "Two"
"Shoe Dog: A Memoir ...", "Â£23.99", "Two"
"Shobu Samurai, Project Aryoku ...", "Â£29.06", "Three"
"Secrets and Lace (Fatal ...", "Â£20.27", "One"
"Scarlett Epstein Hates It ...", "Â£43.55", "Five"
"Romero and Juliet: A ...", "Â£36.94", "One"
"Redeeming Love", "Â£20.47", "Five"
"Poses for Artists Volume ...", "Â£41.06", "One"
"Poems That Make Grown ...", "Â£14.19", "Four"
"Nightingale, Sing", "Â£38.28", "One"
"Night Sky with Exit ...", "Â£41.05", "One"
"Mrs. Houdini", "Â£30.25", "Five"
"Modern Romance", "Â£28.26", "Five"
"Miss Peregrineâs Home for ...", "Â£10.76", "One"
"Louisa: The Extraordinary Life ...", "Â£16.85", "Two"
"Little Red", "Â£13.47", "Three"
"Library of Souls (Miss ...", "Â£48.56", "Five"
"Large Print Heart of ...", "Â£19.15", "Two"
"I Had a Nice ...", "Â£57.36", "Four"
"Hollow City (Miss Peregrineâs ...", "Â£42.98", "One"
"Grumbles", "Â£22.16", "Two"
"Full Moon over Noahâs ...", "Â£49.43", "Four"
"Frostbite (Vampire Academy #2)", "Â£29.99", "Five"
"Follow You Home", "Â£21.36", "One"
"First Steps for New ...", "Â£29.00", "One"
"Finders Keepers (Bill Hodges ...", "Â£53.53", "Five"
"Fables, Vol. 1: Legends ...", "Â£41.62", "Four"
"Eureka Trivia 6.0", "Â£54.59", "Four"
"Drive: The Surprising Truth ...", "Â£34.95", "Four"
"Done Rubbed Out (Reightman ...", "Â£37.72", "Five"
"Doing It Over (Most ...", "Â£35.61", "Three"
"Deliciously Ella Every Day: ...", "Â£42.16", "Three"
"Dark Notes", "Â£19.19", "Five"
"Daring Greatly: How the ...", "Â£19.43", "Three"
"Close to You", "Â£49.46", "Four"
"Chasing Heaven: What Dying ...", "Â£37.80", "Two"
"Big Magic: Creative Living ...", "Â£30.80", "Three"
"Becoming Wise: An Inquiry ...", "Â£27.43", "Two"
"Beauty Restored (Riley Family ...", "Â£11.11", "Two"
"Batman: The Long Halloween ...", "Â£36.50", "Two"
"Batman: The Dark Knight ...", "Â£15.38", "Five"
"Ayumi's Violin", "Â£15.48", "Two"
"Anonymous", "Â£46.82", "Four"
"Amy Meets the Saints ...", "Â£18.46", "Three"
"Amid the Chaos", "Â£36.58", "One"
"Amatus", "Â£50.54", "Five"
"Agnostic: A Spirited Manifesto", "Â£12.51", "Five"
"Zealot: The Life and ...", "Â£24.70", "Three"
"You (You #1)", "Â£43.61", "Five"
"Wonder Woman: Earth One, ...", "Â£37.34", "Four"
"Wild Swans", "Â£14.36", "Two"
"Why the Right Went ...", "Â£52.65", "Four"
"Whole Lotta Creativity Going ...", "Â£38.20", "Four"
"What's It Like in ...", "Â£19.60", "Two"
"We Are Robin, Vol. ...", "Â£53.90", "One"
"Walt Disney's Alice in ...", "Â£12.96", "Five"
"V for Vendetta (V ...", "Â£37.10", "Four"
"Until Friday Night (The ...", "Â£46.31", "Two"
"Unbroken: A World War ...", "Â£45.95", "Two"
"Twenty Yawns", "Â£22.08", "Two"
"Through the Woods", "Â£25.38", "Two"
"This Is Where It ...", "Â£27.12", "Two"
"The Year of Magical ...", "Â£43.04", "Two"
"The Wright Brothers", "Â£56.80", "Four"
"The White Queen (The ...", "Â£25.91", "Five"
"The Wedding Pact (The ...", "Â£32.61", "Three"
"The Time Keeper", "Â£27.88", "Five"
"The Testament of Mary", "Â£52.67", "Four"
"The Star-Touched Queen", "Â£46.02", "Five"
"The Songs of the ...", "Â£44.48", "Five"
"The Song of Achilles", "Â£37.40", "Five"
"The Rosie Project (Don ...", "Â£54.04", "One"
"The Power of Habit: ...", "Â£16.88", "Three"
"The Marriage of Opposites", "Â£28.08", "Four"
"The Lucifer Effect: Understanding ...", "Â£10.40", "One"
"The Long Haul (Diary ...", "Â£44.07", "One"
"The Loney", "Â£23.40", "One"
"The Literature Book (Big ...", "Â£17.43", "Three"
"The Last Mile (Amos ...", "Â£54.21", "Two"
"The Immortal Life of ...", "Â£40.67", "Two"
"The Hidden Oracle (The ...", "Â£52.26", "Two"
"The Help Yourself Cookbook ...", "Â£28.77", "Three"
"The Guilty (Will Robie ...", "Â£13.82", "Two"
"The First Hostage (J.B. ...", "Â£25.85", "Three"
"The Dovekeepers", "Â£48.78", "One"
"The Darkest Lie", "Â£35.35", "Five"
"The Bane Chronicles (The ...", "Â£44.73", "Four"
"The Bad-Ass Librarians of ...", "Â£15.77", "One"
"The 14th Colony (Cotton ...", "Â£39.24", "One"
"That Darkness (Gardiner and ...", "Â£13.92", "One"
"Tastes Like Fear (DI ...", "Â£10.69", "One"
"Take Me with You", "Â£45.21", "Three"
"Swell: A Year of ...", "Â£45.58", "One"
"Superman Vol. 1: Before ...", "Â£11.89", "Five"
"Still Life with Bread ...", "Â£26.41", "Three"
"Steve Jobs", "Â£39.50", "Five"
"Sorting the Beef from ...", "Â£44.74", "Four"
"Someone Like You (The ...", "Â£52.79", "Five"
"So Cute It Hurts!!, ...", "Â£35.43", "Four"
"Shtum", "Â£55.84", "Four"
"See America: A Celebration ...", "Â£48.87", "Three"
"salt.", "Â£46.78", "Four"
"Robin War", "Â£47.82", "Three"
"Red Hood/Arsenal, Vol. 1: ...", "Â£25.48", "Two"
"Rain Fish", "Â£23.57", "Three"
"Quarter Life Poetry: Poems ...", "Â£50.89", "Five"
"Pet Sematary", "Â£10.56", "Three"
"Overload: How to Unplug, ...", "Â£52.15", "Three"
"Once Was a Time", "Â£18.28", "Two"
"Old School (Diary of ...", "Â£11.83", "Five"
"No Dream Is Too ...", "Â£21.95", "Two"
"Naruto (3-in-1 Edition), Vol. ...", "Â£38.39", "Two"
"My Name Is Lucy ...", "Â£41.56", "One"
"My Mrs. Brown", "Â£24.48", "Three"
"My Kind of Crazy", "Â£40.36", "One"
"Mr. Mercedes (Bill Hodges ...", "Â£28.90", "One"
"More Than Music (Chasing ...", "Â£37.61", "Two"
"Made to Stick: Why ...", "Â£38.85", "Five"
"Luis Paints the World", "Â£53.95", "Three"
"Luckiest Girl Alive", "Â£49.83", "Three"
"Lowriders to the Center ...", "Â£51.51", "Two"
"Love Is a Mix ...", "Â£18.03", "One"
"Looking for Lovely: Collecting ...", "Â£29.14", "Five"
"Living Leadership by Insight: ...", "Â£46.91", "Four"
"Let It Out: A ...", "Â£26.79", "Five"
"Lady Midnight (The Dark ...", "Â£16.28", "Five"
"It's All Easy: Healthy, ...", "Â£19.55", "One"
"Island of Dragons (Unwanteds ...", "Â£29.65", "One"
"I Know What I'm ...", "Â£25.98", "Four"
"I Am Pilgrim (Pilgrim ...", "Â£10.60", "Four"
"Hyperbole and a Half: ...", "Â£14.75", "Five"
"Hush, Hush (Hush, Hush ...", "Â£47.02", "Three"
"Hold Your Breath (Search ...", "Â£28.82", "One"
"Hamilton: The Revolution", "Â£58.79", "Three"
"Greek Mythic History", "Â£10.23", "Five"
"God: The Most Unpleasant ...", "Â£30.03", "Five"
"Glory over Everything: Beyond ...", "Â£45.84", "Three"
"Feathers: Displays of Brilliant ...", "Â£49.05", "Three"
"Far & Away: Places ...", "Â£15.06", "Four"
"Every Last Word", "Â£46.47", "Three"
"Eligible (The Austen Project ...", "Â£27.09", "Three"
"El Deafo", "Â£57.62", "Five"
"Eight Hundred Grapes", "Â£14.39", "Four"
"Eaternity: More than 150 ...", "Â£51.75", "Five"
"Eat Fat, Get Thin", "Â£54.07", "Two"
"Don't Get Caught", "Â£55.35", "One"
"Doctor Sleep (The Shining ...", "Â£40.12", "Two"
"Demigods & Magicians: Percy ...", "Â£37.51", "Five"
"Dear Mr. Knightley", "Â£11.21", "Five"
"Daily Fantasy Sports", "Â£36.58", "One"
"Crazy Love: Overwhelmed by ...", "Â£47.72", "Two"
"Cometh the Hour (The ...", "Â£25.01", "Three"
"Code Name Verity (Code ...", "Â£22.13", "Four"
"Clockwork Angel (The Infernal ...", "Â£44.14", "One"
"City of Glass (The ...", "Â£56.02", "Four"
"City of Fallen Angels ...", "Â£11.23", "Four"
"City of Bones (The ...", "Â£43.28", "One"
"City of Ashes (The ...", "Â£47.27", "One"
"Cell", "Â£20.29", "Four"
"Catching Jordan (Hundred Oaks)", "Â£50.83", "Three"
"Carry On, Warrior: Thoughts ...", "Â£31.85", "Three"
"Carrie", "Â£46.23", "Two"
"Buying In: The Secret ...", "Â£37.80", "Four"
"Brain on Fire: My ...", "Â£49.32", "Five"
"Batman: Europa", "Â£32.01", "Two"
"Barefoot Contessa Back to ...", "Â£28.01", "One"
"Barefoot Contessa at Home: ...", "Â£50.62", "Five"
"Balloon Animals", "Â£17.03", "Three"
"Art Ops Vol. 1", "Â£48.80", "Three"
"Aristotle and Dante Discover ...", "Â£58.14", "Four"
"Angels Walking (Angels Walking ...", "Â£34.20", "Two"
"Angels & Demons (Robert ...", "Â£51.48", "Three"
"All the Light We ...", "Â£29.87", "Five"
"Adulthood Is a Myth: ...", "Â£10.90", "Two"
"Abstract City", "Â£56.37", "Five"
"A Time of Torment ...", "Â£48.35", "Five"
"A Study in Scarlet ...", "Â£16.73", "Two"
"A Series of Catastrophes ...", "Â£56.48", "Two"
"A People's History of ...", "Â£40.79", "Two"
"A Man Called Ove", "Â£39.72", "One"
"A Distant Mirror: The ...", "Â£14.58", "Three"
"A Brush of Wings ...", "Â£55.51", "One"
"1491: New Revelations of ...", "Â£21.80", "Three"
"The Three Searches, Meaning, ...", "Â£13.33", "Three"
"Searching for Meaning in ...", "Â£38.73", "One"
"Rook", "Â£37.86", "Four"
"My Kitchen Year: 136 ...", "Â£11.53", "Two"
"13 Hours: The Inside ...", "Â£27.06", "One"
"Will You Won't You ...", "Â£13.86", "Three"
"Tipping Point for Planet ...", "Â£37.55", "One"
"The Star-Touched Queen", "Â£32.30", "Five"
"The Silent Sister (Riley ...", "Â£46.29", "Five"
"The Midnight Watch: A ...", "Â£26.20", "One"
"The Lonely City: Adventures ...", "Â£33.26", "Two"
"The Gray Rhino: How ...", "Â£59.15", "Four"
"The Golden Condom: And ...", "Â£39.43", "One"
"The Epidemic (The Program ...", "Â£14.44", "Five"
"The Dinner Party", "Â£56.54", "Two"
"The Diary of a ...", "Â£59.90", "Three"
"The Children", "Â£11.88", "Three"
"Stars Above (The Lunar ...", "Â£48.05", "Two"
"Snatched: How A Drug ...", "Â£21.21", "Three"
"Raspberry Pi Electronics Projects ...", "Â£49.67", "Four"
"Quench Your Own Thirst: ...", "Â£43.14", "One"
"Psycho: Sanitarium (Psycho #1.5)", "Â£36.97", "Five"
"Poisonous (Max Revere Novels ...", "Â£26.80", "Three"
"One with You (Crossfire ...", "Â£15.71", "Four"
"No Love Allowed (Dodge ...", "Â£54.65", "Four"
"Murder at the 42nd ...", "Â£54.36", "Four"
"Most Wanted", "Â£35.28", "Three"
"Love, Lies and Spies", "Â£20.55", "Two"
"How to Speak Golf: ...", "Â£58.32", "Five"
"Hide Away (Eve Duncan ...", "Â£11.84", "One"
"Furiously Happy: A Funny ...", "Â£41.46", "Four"
"Everyday Italian: 125 Simple ...", "Â£20.10", "Five"
"Equal Is Unfair: America's ...", "Â£56.86", "One"
"Eleanor & Park", "Â£56.51", "Five"
"Dirty (Dive Bar #1)", "Â£40.83", "Four"
"Can You Keep a ...", "Â£48.64", "One"
"Boar Island (Anna Pigeon ...", "Â£59.48", "Three"
"A Paris Apartment", "Â£39.01", "Four"
"A la Mode: 120 ...", "Â£38.77", "One"
"Troublemaker: Surviving Hollywood and ...", "Â£48.39", "Two"
"The Widow", "Â£27.26", "Two"
"The Sleep Revolution: Transforming ...", "Â£11.68", "Four"
"The Improbability of Love", "Â£59.45", "One"
"The Art of Startup ...", "Â£21.00", "Three"
"Take Me Home Tonight ...", "Â£53.98", "Three"
"Sleeping Giants (Themis Files ...", "Â£48.74", "One"
"Setting the World on ...", "Â£21.15", "Two"
"Playing with Fire", "Â£13.71", "Three"
"Off the Hook (Fishing ...", "Â£47.67", "Three"
"Mothering Sunday", "Â£13.34", "Two"
"Mother, Can You Not?", "Â£16.89", "Five"
"M Train", "Â£27.18", "One"
"Lilac Girls", "Â£17.28", "Two"
"Lies and Other Acts ...", "Â£45.14", "One"
"Lab Girl", "Â£40.85", "One"
"Keep Me Posted", "Â£20.46", "Four"
"It Didn't Start with ...", "Â£56.27", "Three"
"Grey (Fifty Shades #4)", "Â£48.49", "Four"
"Exit, Pursued by a ...", "Â£51.34", "Four"
"Daredevils", "Â£16.34", "Three"
"Cravings: Recipes for What ...", "Â£20.50", "Three"
"Born for This: How ...", "Â£21.59", "Five"
"Arena", "Â£21.36", "Four"
"Adultery", "Â£20.88", "Five"
"A Mother's Reckoning: Living ...", "Â£19.53", "Three"
"A Gentleman's Position (Society ...", "Â£14.75", "Five"
"11/22/63", "Â£48.48", "Three"
"10% Happier: How I ...", "Â£24.57", "Two"
"10-Day Green Smoothie Cleanse: ...", "Â£49.71", "Five"
"Without Shame", "Â£48.27", "Five"
"Watchmen", "Â£58.05", "Four"
"Unlimited Intuition Now", "Â£58.87", "Four"
"Underlying Notes", "Â£11.82", "Two"
"The Shack", "Â£28.03", "One"
"The New Brand You: ...", "Â£44.05", "Five"
"The Moosewood Cookbook: Recipes ...", "Â£12.34", "Four"
"The Flowers Lied", "Â£16.68", "Two"
"The Fabric of the ...", "Â£55.91", "One"
"The Book of Mormon", "Â£24.57", "Three"
"The Art and Science ...", "Â£52.98", "Five"
"The Alien Club", "Â£54.40", "One"
"Suzie Snowflake: One beautiful ...", "Â£54.81", "Five"
"Nap-a-Roo", "Â£25.08", "One"
"NaNo What Now? Finding ...", "Â£10.41", "Four"
"Modern Day Fables", "Â£47.44", "Two"
"If I Gave You ...", "Â£20.91", "One"
"Fruits Basket, Vol. 9 ...", "Â£33.95", "Four"
"Dress Your Family in ...", "Â£43.68", "Three"
"Don't Forget Steven", "Â£33.23", "One"
"Chernobyl 01:23:40: The Incredible ...", "Â£35.92", "Two"
"Art and Fear: Observations ...", "Â£48.63", "Four"
"A Shard of Ice ...", "Â£56.63", "Three"
"A Hero's Curse (The ...", "Â£50.49", "Three"
"23 Degrees South: A ...", "Â£35.79", "Two"
"Zero to One: Notes ...", "Â£34.06", "Three"
"Why Not Me?", "Â£17.76", "One"
"When Breath Becomes Air", "Â£39.36", "Two"
"Vagabonding: An Uncommon Guide ...", "Â£36.94", "Two"
"The Unlikely Pilgrimage of ...", "Â£43.62", "Five"
"The New Drawing on ...", "Â£43.02", "Three"
"The Midnight Assassin: Panic, ...", "Â£28.45", "Four"
"The Martian (The Martian ...", "Â£41.39", "Two"
"The High Mountains of ...", "Â£51.15", "One"
"The Grownup", "Â£35.88", "One"
"The E-Myth Revisited: Why ...", "Â£36.91", "One"
"South of Sunshine", "Â£28.93", "One"
"Smarter Faster Better: The ...", "Â£38.89", "Five"
"Silence in the Dark ...", "Â£58.33", "Three"
"Shadows of the Past ...", "Â£39.67", "Five"
"Roller Girl", "Â£14.10", "Five"
"Rising Strong", "Â£21.82", "Three"
"Proofs of God: Classical ...", "Â£54.21", "One"
"Please Kill Me: The ...", "Â£31.19", "Four"
"Out of Print: City ...", "Â£53.64", "Five"
"My Life Next Door ...", "Â£36.39", "Five"
"Miller's Valley", "Â£58.54", "Two"
"Man's Search for Meaning", "Â£29.48", "Three"
"Love That Boy: What ...", "Â£25.06", "Two"
"Living Forward: A Proven ...", "Â£12.55", "Three"
"Les Fleurs du Mal", "Â£29.04", "Five"
"Left Behind (Left Behind ...", "Â£40.72", "Two"
"Kill 'Em and Leave: ...", "Â£45.05", "Five"
"Kierkegaard: A Christian Missionary ...", "Â£47.13", "One"
"John Vassos: Industrial Design ...", "Â£20.22", "Four"
"I'll Give You the ...", "Â£56.48", "One"
"I Will Find You", "Â£44.21", "One"
"Hystopia: A Novel", "Â£21.96", "Four"
"Howl and Other Poems", "Â£40.45", "Two"
"History of Beauty", "Â£10.29", "Four"
"Heaven is for Real: ...", "Â£52.86", "Two"
"Future Shock (Future Shock ...", "Â£55.65", "Five"
"Ender's Game (The Ender ...", "Â£43.64", "One"
"Diary of a Citizen ...", "Â£28.41", "One"
"Death by Leisure: A ...", "Â£37.51", "Four"
"Brilliant Beacons: A History ...", "Â£11.45", "Three"
"Brazen: The Courage to ...", "Â£19.22", "Two"
"Between the World and ...", "Â£56.91", "Four"
"Being Mortal: Medicine and ...", "Â£55.06", "Four"
"A Murder Over a ...", "Â£13.20", "Three"
"32 Yolks", "Â£53.63", "Two"
""Most Blessed of the ...", "Â£44.48", "Five"
"You Are a Badass: ...", "Â£12.08", "Three"
"Wildlife of New York: ...", "Â£22.14", "Two"
"What Happened on Beale ...", "Â£25.37", "Five"
"Unreasonable Hope: Finding Faith ...", "Â£46.33", "Two"
"Under the Tuscan Sun", "Â£37.33", "Three"
"Toddlers Are A**holes: It's ...", "Â£25.55", "One"
"The Year of Living ...", "Â£34.72", "One"
"The Whale", "Â£35.96", "Four"
"The Story of Art", "Â£41.14", "Four"
"The Origin of Species", "Â£10.01", "Four"
"The Great Gatsby", "Â£36.05", "Four"
"The Good Girl", "Â£49.03", "Three"
"The Glass Castle", "Â£16.24", "One"
"The Faith of Christopher ...", "Â£39.55", "One"
"The Drowning Girls", "Â£35.67", "Three"
"The Constant Princess (The ...", "Â£16.62", "Three"
"The Bourne Identity (Jason ...", "Â£42.78", "Four"
"The Bachelor Girl's Guide ...", "Â£52.30", "Five"
"The Art Book", "Â£32.34", "Two"
"The 7 Habits of ...", "Â£33.17", "Four"
"Team of Rivals: The ...", "Â£20.12", "Five"
"Steal Like an Artist: ...", "Â£20.90", "Two"
"Sit, Stay, Love", "Â£20.90", "Three"
"Sister Dear", "Â£40.20", "Four"
"Shrunken Treasures: Literary Classics, ...", "Â£52.87", "Three"
"Rich Dad, Poor Dad", "Â£51.74", "One"
"Raymie Nightingale", "Â£34.41", "Two"
"Playing from the Heart", "Â£32.38", "One"
"Nightstruck: A Novel", "Â£50.35", "Four"
"Naturally Lean: 125 Nourishing ...", "Â£11.38", "Five"
"Meternity", "Â£43.58", "Three"
"Memoirs of a Geisha", "Â£49.67", "Three"
"Like Never Before (Walker ...", "Â£28.77", "Two"
"Life of Pi", "Â£13.22", "Four"
"Leave This Song Behind: ...", "Â£51.17", "Five"
"King's Folly (The Kinsman ...", "Â£39.61", "Five"
"John Adams", "Â£57.43", "Four"
"How to Cook Everything ...", "Â£46.01", "Four"
"How to Be a ...", "Â£28.25", "Two"
"Good in Bed (Cannie ...", "Â£37.05", "Five"
"Fruits Basket, Vol. 7 ...", "Â£19.57", "One"
"For the Love: Fighting ...", "Â£45.13", "Three"
"Finding God in the ...", "Â£46.64", "Two"
"Every Heart a Doorway ...", "Â£12.16", "Five"
"Delivering the Truth (Quaker ...", "Â£20.89", "Four"
"Counted With the Stars ...", "Â£17.97", "Five"
"Chronicles, Vol. 1", "Â£52.60", "Two"
"Blue Like Jazz: Nonreligious ...", "Â£25.77", "One"
"Benjamin Franklin: An American ...", "Â£48.19", "Three"
"At The Existentialist CafÃ©: ...", "Â£29.93", "Five"
"A Summer In Europe", "Â£44.34", "Two"
"A Short History of ...", "Â£52.40", "Five"
"A Gathering of Shadows ...", "Â£44.81", "Four"
"The Sound Of Love", "Â£57.84", "Five"
"The Rise and Fall ...", "Â£39.67", "Two"
"The Perks of Being ...", "Â£55.02", "Three"
"The Mysterious Affair at ...", "Â£24.80", "Four"
"The Man Who Mistook ...", "Â£59.45", "Four"
"The Makings of a ...", "Â£31.58", "Two"
"The Joy of Cooking", "Â£43.27", "Four"
"The Invention of Wings", "Â£37.34", "One"
"The Hobbit (Middle-Earth Universe)", "Â£17.80", "Five"
"The Great Railway Bazaar", "Â£30.54", "One"
"The Golden Compass (His ...", "Â£18.77", "One"
"The God Delusion", "Â£46.85", "Three"
"The Girl You Left ...", "Â£15.79", "One"
"The Fellowship of the ...", "Â£10.27", "Two"
"The Collected Poems of ...", "Â£15.42", "Five"
"The Barefoot Contessa Cookbook", "Â£59.92", "Five"
"Tell the Wolves I'm ...", "Â£50.96", "Two"
"Ship Leaves Harbor: Essays ...", "Â£30.60", "Three"
"Pride and Prejudice", "Â£19.27", "Four"
"Musicophilia: Tales of Music ...", "Â£46.58", "One"
"Mere Christianity", "Â£48.51", "Three"
"Me Before You (Me ...", "Â£19.02", "One"
"In the Woods (Dublin ...", "Â£38.38", "Two"
"In Cold Blood", "Â£49.98", "Four"
"How to Stop Worrying ...", "Â£46.49", "Five"
"Give It Back", "Â£18.32", "Two"
"Girl, Interrupted", "Â£42.14", "Three"
"Fun Home: A Family ...", "Â£56.59", "Four"
"Fruits Basket, Vol. 6 ...", "Â£20.96", "Four"
"Deception Point", "Â£40.32", "Four"
"Death Note, Vol. 6: ...", "Â£36.39", "Three"
"Catherine the Great: Portrait ...", "Â£58.55", "Four"
"Better Homes and Gardens ...", "Â£39.61", "Three"
"An Unquiet Mind: A ...", "Â£21.30", "Three"
"A Year in Provence ...", "Â£56.88", "Four"
"World Without End (The ...", "Â£32.97", "Four"
"Will Grayson, Will Grayson ...", "Â£47.31", "Four"
"Why Save the Bankers?: ...", "Â£48.67", "Two"
"Where She Went (If ...", "Â£41.73", "Four"
"What If?: Serious Scientific ...", "Â£53.68", "Four"
"Two Summers", "Â£14.64", "One"
"This Is Your Brain ...", "Â£38.40", "One"
"The Secret Garden", "Â£15.08", "Four"
"The Raven King (The ...", "Â£30.57", "Two"
"The Raven Boys (The ...", "Â£57.74", "Four"
"The Power Greens Cookbook: ...", "Â£11.05", "Five"
"The Metamorphosis", "Â£28.58", "One"
"The Mathews Men: Seven ...", "Â£42.91", "Five"
"The Little Paris Bookshop", "Â£24.73", "Three"
"The Hiding Place", "Â£55.91", "Four"
"The Grand Design", "Â£13.76", "Three"
"The Firm", "Â£45.56", "Three"
"The Fault in Our ...", "Â£47.22", "One"
"The False Prince (The ...", "Â£56.00", "Five"
"The Expatriates", "Â£44.58", "Two"
"The Dream Thieves (The ...", "Â£34.50", "One"
"The Darkest Corners", "Â£11.33", "Five"
"The Crossover", "Â£38.77", "Four"
"The 5th Wave (The ...", "Â£11.83", "Two"
"Tell the Wind and ...", "Â£45.51", "Three"
"Tell Me Three Things", "Â£41.81", "One"
"Talking to Girls About ...", "Â£25.15", "Four"
"Siddhartha", "Â£34.22", "Five"
"Shiver (The Wolves of ...", "Â£16.23", "Five"
"Remember Me?", "Â£11.48", "Three"
"Red Dragon (Hannibal Lecter ...", "Â£23.37", "Three"
"Peak: Secrets from the ...", "Â£16.28", "Two"
"My Mother Was Nuts", "Â£31.63", "Four"
"Mexican Today: New and ...", "Â£24.91", "Five"
"Maybe Something Beautiful: How ...", "Â£22.54", "One"
"Lola and the Boy ...", "Â£23.63", "Four"
"Logan Kade (Fallen Crest ...", "Â£13.12", "Two"
"Last One Home (New ...", "Â£59.98", "Three"
"Killing Floor (Jack Reacher ...", "Â£31.49", "Four"
"Kill the Boy Band", "Â£15.52", "Five"
"Isla and the Happily ...", "Â£48.13", "Five"
"If I Stay (If ...", "Â£38.13", "Five"
"I Know Why the ...", "Â£36.55", "Two"
"Harry Potter and the ...", "Â£23.32", "One"
"Fruits Basket, Vol. 5 ...", "Â£16.33", "One"
"Foundation (Foundation (Publication Order) ...", "Â£32.42", "One"
"Fool Me Once", "Â£16.96", "One"
"Find Her (Detective D.D. ...", "Â£22.37", "One"
"Evicted: Poverty and Profit ...", "Â£42.27", "One"
"Drama", "Â£38.70", "Two"
"Dracula the Un-Dead", "Â£35.63", "Five"
"Digital Fortress", "Â£58.00", "Five"
"Death Note, Vol. 5: ...", "Â£52.41", "One"
"Data, A Love Story: ...", "Â£32.35", "Three"
"Critique of Pure Reason", "Â£20.75", "One"
"Booked", "Â£17.49", "Five"
"Blue Lily, Lily Blue ...", "Â£34.13", "Five"
"Approval Junkie: Adventures in ...", "Â£58.81", "Five"
"An Abundance of Katherines", "Â£10.00", "Five"
"America's War for the ...", "Â£51.22", "Two"
"Alight (The Generations Trilogy ...", "Â£58.59", "Four"
"A Girl's Guide to ...", "Â£31.30", "One"
"A Game of Thrones ...", "Â£46.42", "Two"
"A Feast for Crows ...", "Â£17.21", "Four"
"A Clash of Kings ...", "Â£10.79", "Three"
"Vogue Colors A to ...", "Â£52.35", "Four"
"The Shining (The Shining ...", "Â£27.88", "Three"
"The Pilgrim's Progress", "Â£50.26", "Two"
"The Perfect Play (Play ...", "Â£59.99", "Three"
"The Passion of Dolssa", "Â£28.32", "Five"
"The Jazz of Physics: ...", "Â£38.71", "Three"
"The Hunger Games (The ...", "Â£29.85", "Five"
"The Hound of the ...", "Â£14.82", "Two"
"The Gunning of America: ...", "Â£16.81", "Four"
"The Geography of Bliss: ...", "Â£28.23", "Two"
"The Demonists (Demonist #1)", "Â£52.11", "Two"
"The Demon Prince of ...", "Â£27.88", "Two"
"The Bone Hunters (Lexy ...", "Â£59.71", "Three"
"The Beast (Black Dagger ...", "Â£46.08", "Five"
"Some Women", "Â£13.73", "Five"
"Shopaholic Ties the Knot ...", "Â£48.39", "Five"
"Paper and Fire (The ...", "Â£49.45", "Five"
"Outlander (Outlander #1)", "Â£19.67", "Five"
"Orchestra of Exiles: The ...", "Â£12.36", "Three"
"No One Here Gets ...", "Â£20.02", "Five"
"Night Shift (Night Shift ...", "Â£12.75", "Four"
"Needful Things", "Â£47.51", "Four"
"Mockingjay (The Hunger Games ...", "Â£20.44", "Four"
"Misery", "Â£34.79", "Two"
"Little Women (Little Women ...", "Â£28.07", "Four"
"It", "Â£25.01", "Three"
"Harry Potter and the ...", "Â£13.90", "Three"
"Harry Potter and the ...", "Â£24.17", "Four"
"Harry Potter and the ...", "Â£31.63", "Four"
"Harry Potter and the ...", "Â£48.75", "Five"
"Harry Potter and the ...", "Â£14.74", "One"
"Gone with the Wind", "Â£32.49", "Three"
"God Is Not Great: ...", "Â£27.80", "One"
"Girl With a Pearl ...", "Â£26.77", "One"
"Fruits Basket, Vol. 4 ...", "Â£50.44", "Four"
"Far From True (Promise ...", "Â£34.93", "Two"
"Dark Lover (Black Dagger ...", "Â£12.87", "One"
"Confessions of a Shopaholic ...", "Â£48.94", "Two"
"Changing the Game (Play ...", "Â£13.38", "Three"
"Candide", "Â£58.63", "Three"
"Can You Keep a ...", "Â£21.94", "One"
"Atlas Shrugged", "Â£26.58", "Five"
"Animal Farm", "Â£57.22", "Three"
"A Walk to Remember", "Â£56.43", "One"
"A New Earth: Awakening ...", "Â£55.65", "Five"
"A History of God: ...", "Â£27.62", "One"
"'Salem's Lot", "Â£49.56", "Four"
"Zero History (Blue Ant ...", "Â£34.77", "One"
"Wuthering Heights", "Â£17.73", "Three"
"World War Z: An ...", "Â£21.80", "One"
"Wild: From Lost to ...", "Â£46.02", "Three"
"Where'd You Go, Bernadette", "Â£18.13", "One"
"When You Are Engulfed ...", "Â£30.89", "Five"
"We the People: The ...", "Â£31.95", "Three"
"We Are All Completely ...", "Â£24.04", "One"
"Walk the Edge (Thunder ...", "Â£32.36", "Three"
"Voyager (Outlander #3)", "Â£21.07", "Five"
"Very Good Lives: The ...", "Â£50.66", "Three"
"Vegan Vegetarian Omnivore: Dinner ...", "Â£13.66", "Two"
"Unstuffed: Decluttering Your Home, ...", "Â£58.09", "One"
"Under the Banner of ...", "Â£30.00", "One"
"Two Boys Kissing", "Â£32.74", "Two"
"Twilight (Twilight #1)", "Â£41.93", "Two"
"Twenties Girl", "Â£42.80", "Two"
"Trespassing Across America: One ...", "Â£53.51", "One"
"Three-Martini Lunch", "Â£23.21", "Three"
"Thinking, Fast and Slow", "Â£21.14", "One"
"The Wild Robot", "Â£56.07", "Three"
"The Wicked + The ...", "Â£14.41", "Three"
"The Undomestic Goddess", "Â£45.75", "Four"
"The Travelers", "Â£15.77", "One"
"The Tipping Point: How ...", "Â£10.02", "Two"
"The Thing About Jellyfish", "Â£48.77", "One"
"The Stand", "Â£57.86", "Two"
"The Smitten Kitchen Cookbook", "Â£23.59", "One"
"The Silkworm (Cormoran Strike ...", "Â£23.05", "Five"
"The Sandman, Vol. 3: ...", "Â£55.55", "Five"
"The Rose & the ...", "Â£58.64", "Four"
"The Road to Little ...", "Â£23.21", "One"
"The Rise of Theodore ...", "Â£42.57", "Three"
"The Restaurant at the ...", "Â£10.92", "One"
"The Rest Is Noise: ...", "Â£34.77", "One"
"The Red Tent", "Â£35.66", "Five"
"The Purpose Driven Life: ...", "Â£37.19", "Three"
"The Purest Hook (Second ...", "Â£12.25", "One"
"The Picture of Dorian ...", "Â£29.70", "Two"
"The Paris Wife", "Â£36.80", "Three"
"The Obsession", "Â£45.43", "One"
"The Nightingale", "Â£26.26", "Four"
"The New Guy (and ...", "Â£44.92", "Three"
"The Nanny Diaries (Nanny ...", "Â£52.53", "Five"
"The Name of God ...", "Â£37.25", "Two"
"The Maze Runner (The ...", "Â£20.93", "One"
"The Lover's Dictionary", "Â£58.09", "Two"
"The Lonely Ones", "Â£43.59", "Five"
"The Lean Startup: How ...", "Â£33.92", "Three"
"The Last Painting of ...", "Â£55.55", "Two"
"The Land of 10,000 ...", "Â£29.64", "Four"
"The Infinities", "Â£27.41", "One"
"The Husband's Secret", "Â£52.51", "Five"
"The Hitchhiker's Guide to ...", "Â£47.80", "Three"
"The Guns of August", "Â£14.54", "Two"
"The Guernsey Literary and ...", "Â£49.53", "One"
"The Goldfinch", "Â£43.58", "Three"
"The Giver (The Giver ...", "Â£12.30", "One"
"The Girl with All ...", "Â£49.47", "Three"
"The Girl Who Played ...", "Â£22.14", "Two"
"The Girl Who Kicked ...", "Â£57.48", "One"
"The Exiled", "Â£43.45", "Three"
"The End of Faith: ...", "Â£22.13", "Four"
"The Elegant Universe: Superstrings, ...", "Â£13.03", "Four"
"The Disappearing Spoon: And ...", "Â£57.35", "Five"
"The Devil Wears Prada ...", "Â£44.29", "One"
"The Demon-Haunted World: Science ...", "Â£52.25", "Four"
"The Day the Crayons ...", "Â£26.33", "Five"
"The Da Vinci Code ...", "Â£22.96", "Two"
"The Cuckoo's Calling (Cormoran ...", "Â£19.21", "One"
"The Complete Stories and ...", "Â£26.78", "Four"
"The Complete Poems", "Â£41.32", "Five"
"The Catcher in the ...", "Â£24.55", "One"
"The Cat in the ...", "Â£16.26", "Two"
"The Case for Christ ...", "Â£47.84", "One"
"The Book Thief", "Â£53.49", "Two"
"The Book of Basketball: ...", "Â£44.84", "Five"
"The Blind Side: Evolution ...", "Â£53.71", "Five"
"The Autobiography of Malcolm ...", "Â£23.43", "Two"
"The Art of Simple ...", "Â£34.32", "Three"
"The Art of Fielding", "Â£22.10", "One"
"Surely You're Joking, Mr. ...", "Â£25.83", "Two"
"Stiff: The Curious Lives ...", "Â£36.74", "Three"
"Spilled Milk: Based on ...", "Â£49.51", "One"
"Something Borrowed (Darcy & ...", "Â£48.96", "Five"
"Something Blue (Darcy & ...", "Â£54.62", "One"
"Soldier (Talon #3)", "Â£24.72", "Two"
"Shopaholic & Baby (Shopaholic ...", "Â£46.45", "Two"
"Seven Days in the ...", "Â£52.33", "Two"
"Seven Brief Lessons on ...", "Â£30.60", "Four"
"Scarlet (The Lunar Chronicles ...", "Â£14.57", "Four"
"Sarah's Key", "Â£46.29", "One"
"Saga, Volume 3 (Saga ...", "Â£21.57", "Five"
"Running with Scissors", "Â£12.91", "Four"
"Rogue Lawyer (Rogue Lawyer ...", "Â£50.11", "Three"
"Rise of the Rocket ...", "Â£41.67", "Four"
"Rework", "Â£44.88", "Two"
"Reservations for Two", "Â£11.10", "Three"
"Red: The True Story ...", "Â£28.54", "Three"
"Ready Player One", "Â£19.07", "Four"
"Quiet: The Power of ...", "Â£43.55", "One"
"Prodigy: The Graphic Novel ...", "Â£43.63", "Three"
"Persepolis: The Story of ...", "Â£39.13", "One"
"Packing for Mars: The ...", "Â£56.68", "Two"
"Outliers: The Story of ...", "Â£14.16", "One"
"Original Fake", "Â£31.45", "Three"
"Orange Is the New ...", "Â£24.61", "Two"
"One for the Money ...", "Â£32.87", "Two"
"Notes from a Small ...", "Â£40.17", "One"
"Night (The Night Trilogy ...", "Â£13.51", "One"
"Neither Here nor There: ...", "Â£38.95", "Three"
"Naked", "Â£31.69", "Three"
"Morning Star (Red Rising ...", "Â£29.40", "One"
"Miracles from Heaven: A ...", "Â£57.83", "One"
"Midnight Riot (Peter Grant/ ...", "Â£55.46", "Two"
"Me Talk Pretty One ...", "Â£57.60", "Two"
"Manuscript Found in Accra", "Â£34.98", "Two"
"Lust & Wonder", "Â£11.87", "Two"
"Lila (Gilead #3)", "Â£12.47", "Three"
"Life, the Universe and ...", "Â£33.26", "Two"
"Life Without a Recipe", "Â£59.04", "Five"
"Life After Life", "Â£26.13", "Two"
"Letter to a Christian ...", "Â£22.20", "One"
"Let's Pretend This Never ...", "Â£45.11", "One"
"Legend (Legend #1)", "Â£43.69", "Four"
"Lean In: Women, Work, ...", "Â£25.02", "One"
"Lamb: The Gospel According ...", "Â£55.50", "Five"
"Lady Renegades (Rebel Belle ...", "Â£53.04", "Five"
"Jurassic Park (Jurassic Park ...", "Â£44.97", "One"
"It's Never Too Late ...", "Â£42.38", "One"
"Is Everyone Hanging Out ...", "Â£20.11", "Three"
"Into the Wild", "Â£56.70", "Five"
"Inferno (Robert Langdon #4)", "Â£41.00", "Five"
"In the Garden of ...", "Â£28.85", "Three"
"If I Run (If ...", "Â£49.97", "Four"
"I've Got Your Number", "Â£19.69", "One"
"I Am Malala: The ...", "Â£28.88", "Two"
"Hungry Girl Clean & ...", "Â£33.14", "Three"
"House of Lost Worlds: ...", "Â£43.70", "Two"
"House of Leaves", "Â£54.89", "One"
"Horrible Bear!", "Â£37.52", "Two"
"Holidays on Ice", "Â£51.07", "Two"
"Heir to the Sky", "Â£44.07", "Four"
"Green Eggs and Ham ...", "Â£10.79", "Four"
"Grayson, Vol 3: Nemesis ...", "Â£42.72", "One"
"Gratitude", "Â£26.66", "Five"
"Gone Girl", "Â£37.60", "Five"
"Golden (Heart of Dread ...", "Â£42.21", "Four"
"Girl in the Blue ...", "Â£46.83", "Two"
"Fruits Basket, Vol. 3 ...", "Â£45.17", "Two"
"Friday Night Lights: A ...", "Â£51.22", "Three"
"Fire Bound (Sea Haven/Sisters ...", "Â£21.28", "Four"
"Fifty Shades Freed (Fifty ...", "Â£15.36", "Five"
"Fellside", "Â£38.62", "One"
"Extreme Prey (Lucas Davenport ...", "Â£25.40", "Three"
"Eragon (The Inheritance Cycle ...", "Â£43.87", "Three"
"Eclipse (Twilight #3)", "Â£18.74", "One"
"Dune (Dune #1)", "Â£54.86", "One"
"Dracula", "Â£52.62", "Three"
"Do Androids Dream of ...", "Â£51.48", "One"
"Disrupted: My Misadventure in ...", "Â£15.28", "Five"
"Dead Wake: The Last ...", "Â£39.24", "Five"
"David and Goliath: Underdogs, ...", "Â£17.81", "One"
"Darkfever (Fever #1)", "Â£56.02", "One"
"Dark Places", "Â£23.90", "Five"
"Crazy Rich Asians (Crazy ...", "Â£49.13", "Five"
"Counting Thyme", "Â£10.62", "One"
"Cosmos", "Â£36.17", "Two"
"Civilization and Its Discontents", "Â£59.95", "Two"
"Cinder (The Lunar Chronicles ...", "Â£26.09", "One"
"Catastrophic Happiness: Finding Joy ...", "Â£37.35", "Two"
"Career of Evil (Cormoran ...", "Â£24.72", "Two"
"Breaking Dawn (Twilight #4)", "Â£35.28", "Five"
"Brave Enough", "Â£51.32", "Five"
"Boy Meets Boy", "Â£21.12", "Three"
"Born to Run: A ...", "Â£27.35", "Two"
"Blink: The Power of ...", "Â£21.74", "Five"
"Black Flags: The Rise ...", "Â£40.87", "One"
"Black Butler, Vol. 1 ...", "Â£49.31", "One"
"Big Little Lies", "Â£22.11", "One"
"Between Shades of Gray", "Â£20.79", "Five"
"Best of My Love ...", "Â£27.41", "Two"
"Beowulf", "Â£38.35", "Two"
"Beautiful Creatures (Caster Chronicles ...", "Â£21.55", "Five"
"Awkward", "Â£38.02", "Two"
"Ash", "Â£22.06", "Four"
"Are We There Yet?", "Â£10.66", "Three"
"Are We Smart Enough ...", "Â£56.58", "One"
"Annie on My Mind", "Â£36.83", "Five"
"And Then There Were ...", "Â£35.01", "Two"
"A Walk in the ...", "Â£30.48", "Four"
"A Visit from the ...", "Â£14.08", "Five"
"A Storm of Swords ...", "Â£31.22", "Two"
"A Heartbreaking Work of ...", "Â£54.29", "Five"
"8 Keys to Mental ...", "Â£31.04", "One"
"#GIRLBOSS", "Â£50.96", "One"
"The Suffragettes (Little Black ...", "Â£11.89", "Two"
"The Sense of an ...", "Â£31.38", "Three"
"The Sandman, Vol. 2: ...", "Â£54.81", "One"
"The Course of Love", "Â£16.78", "Three"
"Sugar Rush (Offensive Line ...", "Â£24.42", "One"
"Saga, Volume 2 (Saga ...", "Â£11.75", "Three"
"Run, Spot, Run: The ...", "Â£20.02", "One"
"New Moon (Twilight #2)", "Â£12.86", "Four"
"Life", "Â£31.58", "Five"
"Kindle Paperwhite User's Guide", "Â£34.00", "Three"
"H is for Hawk", "Â£57.42", "Five"
"Girl Online On Tour ...", "Â£53.47", "One"
"Fruits Basket, Vol. 2 ...", "Â£11.64", "Five"
"Diary of a Minecraft ...", "Â£52.88", "Four"
"Y: The Last Man, ...", "Â£18.51", "Four"
"While You Were Mine", "Â£41.32", "Five"
"Where Lightning Strikes (Bleeding ...", "Â£39.77", "Three"
"When I'm Gone", "Â£51.96", "Three"
"Ways of Seeing", "Â£39.51", "Five"
"Vampire Knight, Vol. 1 ...", "Â£15.40", "One"
"Vampire Girl (Vampire Girl ...", "Â£53.82", "Two"
"Twenty Love Poems and ...", "Â£30.95", "Four"
"Travels with Charley: In ...", "Â£57.82", "Five"
"Three Wishes (River of ...", "Â£44.18", "Two"
"This One Moment (Pushing ...", "Â£48.71", "One"
"The Zombie Room", "Â£19.69", "Five"
"The Wicked + The ...", "Â£36.52", "Two"
"The Tumor", "Â£41.56", "Five"
"The Story of Hong ...", "Â£43.19", "Four"
"The Silent Wife", "Â£12.34", "Five"
"The Silent Twin (Detective ...", "Â£36.25", "Three"
"The Selfish Gene", "Â£29.45", "One"
"The Secret Healer", "Â£34.56", "Three"
"The Sandman, Vol. 1: ...", "Â£54.12", "Three"
"The Republic", "Â£33.78", "Three"
"The Odyssey", "Â£29.64", "Three"
"The No. 1 Ladies' ...", "Â£57.70", "Four"
"The Nicomachean Ethics", "Â£36.34", "One"
"The Name of the ...", "Â£50.59", "Three"
"The Mirror & the ...", "Â£29.38", "One"
"The Little Prince", "Â£45.42", "Two"
"The Light of the ...", "Â£54.43", "One"
"The Last Girl (The ...", "Â£36.26", "Two"
"The Iliad", "Â£16.16", "One"
"The Hook Up (Game ...", "Â£36.29", "Five"
"The Haters", "Â£27.89", "Five"
"The Girl You Lost", "Â£12.29", "Five"
"The Girl In The ...", "Â£15.85", "Three"
"The End of the ...", "Â£14.40", "One"
"The Edge of Reason ...", "Â£19.18", "Four"
"The Complete Maus (Maus ...", "Â£10.64", "Three"
"The Communist Manifesto", "Â£14.76", "Three"
"The Bhagavad Gita", "Â£57.49", "Three"
"The Bette Davis Club", "Â£30.66", "Three"
"The Art of Not ...", "Â£40.83", "Four"
"Taking Shots (Assassins #1)", "Â£18.88", "Two"
"Starlark", "Â£25.83", "Three"
"Skip Beat!, Vol. 01 ...", "Â£42.12", "Three"
"Sister Sable (The Mad ...", "Â£13.33", "Three"
"Shatter Me (Shatter Me ...", "Â£42.40", "One"
"Shameless", "Â£58.35", "Three"
"Shadow Rites (Jane Yellowrock ...", "Â£21.72", "Four"
"Settling the Score (The ...", "Â£44.91", "Two"
"Sense and Sensibility", "Â£37.46", "One"
"Saga, Volume 1 (Saga ...", "Â£28.48", "One"
"Rhythm, Chord & Malykhin", "Â£28.34", "Two"
"Rat Queens, Vol. 1: ...", "Â£46.96", "Five"
"Paradise Lost (Paradise #1)", "Â£24.96", "One"
"Paper Girls, Vol. 1 ...", "Â£21.71", "Four"
"Ouran High School Host ...", "Â£29.87", "Three"
"Origins (Alphas 0.5)", "Â£28.99", "One"
"One Second (Seven #7)", "Â£52.94", "Two"
"On the Road (Duluoz ...", "Â£32.36", "Three"
"Old Records Never Die: ...", "Â£55.66", "Two"
"Off Sides (Off #1)", "Â£39.45", "Five"
"Of Mice and Men", "Â£47.11", "Two"
"Myriad (Prentor #1)", "Â£58.75", "Four"
"My Perfect Mistake (Over ...", "Â£38.92", "Two"
"Ms. Marvel, Vol. 1: ...", "Â£39.39", "Four"
"Meditations", "Â£25.89", "Two"
"Matilda", "Â£28.34", "One"
"Lost Among the Living", "Â£27.70", "Four"
"Lord of the Flies", "Â£24.89", "Three"
"Listen to Me (Fusion ...", "Â£58.99", "Three"
"Kitchens of the Great ...", "Â£57.20", "Five"
"Jane Eyre", "Â£38.43", "Five"
"Imperfect Harmony", "Â£34.74", "Four"
"Icing (Aces Hockey #2)", "Â£40.44", "Four"
"Hawkeye, Vol. 1: My ...", "Â£45.24", "Three"
"Having the Barbarian's Baby ...", "Â£34.96", "Four"
"Giant Days, Vol. 1 ...", "Â£56.76", "Four"
"Fruits Basket, Vol. 1 ...", "Â£40.28", "Five"
"Frankenstein", "Â£38.00", "Two"
"Forever Rockers (The Rocker ...", "Â£28.80", "Three"
"Fighting Fate (Fighting #6)", "Â£39.24", "Three"
"Emma", "Â£32.93", "Two"
"Eat, Pray, Love", "Â£51.32", "Three"
"Deep Under (Walker Security ...", "Â£47.09", "Five"
"Choosing Our Religion: The ...", "Â£28.42", "Four"
"Charlie and the Chocolate ...", "Â£22.85", "Three"
"Charity's Cross (Charles Towne ...", "Â£41.24", "One"
"Bright Lines", "Â£39.07", "Five"
"Bridget Jones's Diary (Bridget ...", "Â£29.82", "One"
"Bounty (Colorado Mountain #7)", "Â£37.26", "Four"
"Blood Defense (Samantha Brinkman ...", "Â£20.30", "Three"
"Bleach, Vol. 1: Strawberry ...", "Â£34.65", "Five"
"Beyond Good and Evil", "Â£43.38", "One"
"Alice in Wonderland (Alice's ...", "Â£55.53", "One"
"Ajin: Demi-Human, Volume 1 ...", "Â£57.06", "Four"
"A Spy's Devotion (The ...", "Â£16.97", "Five"
"1st to Die (Women's ...", "Â£53.98", "One"
"1,000 Places to See ...", "Â£26.08", "Five"
